keyword,s
deals black friday,3.9563442612013686
blackout tuesday,3.5961320030662502
asian giant hornet,3.487284177126415
explosion in beirut today,3.464033932456608
waps lyrics,3.4640109208426373
beirut explosion,3.463963025408386
explosion in beirut,3.463963025408386
lebanon explosion today,3.4639160474535293
jacob blake,3.4638598844919666
julius lothar meyer,3.463212645849879
pacita abad,3.462940480451559
hoken,3.4624553582395707
chadwick aaron boseman,3.459679032638467
barbara hepworth,3.455380006485634
lsu-clemson game 2020,3.453993252765274
lsu clemson game 2020,3.453993252765274
ryan newman daytona 500,3.4536663081073034
ado stunt cars2,3.4535860146585047
kenosha shootings,3.4526318122603095
shooting in kenosha,3.4526318122603095
super tuesday results,3.450628563780404
hurricane damian update,3.4477946266617256
hurricane darien update,3.4477946266617256
hurricane doreen update,3.4477946266617256
hurricane dorian update,3.4477946266617256
iowa cau us results,3.44757674058183
iowa caucus results,3.44757674058183
dorian's path,3.4465485352668566
dorien path,3.4465485352668566
dorrian path,3.4465485352668566
the edmonton grads,3.4464022830197547
happy holiday 2019,3.4378278249847125
happy holidays 2019,3.4378278249847125
happy holidays 2019!,3.4373742457526406
astros vs yankees,3.4365883508394592
yankees vs astros,3.4365883508394592
"march 10, 2020 democratic presidential primaries",3.4362942566926113
astros vs. yankees,3.4359924111531464
ignacio anaya garcía,3.432964978076436
camille claudel,3.4310566176863637
n.h. primary results,3.430653849623558
new hampshire primary results,3.430653849623558
holiday season,3.430173873686796
season holidays,3.430173873686796
seasons holiday,3.430173873686796
ynés mexía,3.430150859675489
joseph antoine ferdinand plateau,3.4297753314306
holiday seasons,3.4293453988419715
holiday seasonz,3.4293453988419715
holidays season,3.4293453988419715
seasons holidays,3.4293453988419715
caucus nevada,3.4290327595542975
caucusing nevada,3.4290327595542975
nevada caucuses,3.4290327595542975
new hampshire primary result,3.4289464744655054
nh primary results,3.4289464744655054
nevada caucus,3.4284567232292864
nevada caucus results,3.428187027837963
nevada caucuses results,3.428187027837963
hunt job,3.4254755999583666
hunter jobs,3.4254755999583666
hunts jobs,3.4254755999583666
job-hunt,3.4254755999583666
job-hunting,3.4254755999583666
job hint,3.4254755999583666
job hunt,3.4254755999583666
job hunting,3.4254755999583666
job huntz,3.4254755999583666
jobhunter,3.4254755999583666
jobshunt,3.4254755999583666
happy mother's day images,3.4247155086288927
happy mothers day image,3.4247155086288927
image happy mothers day,3.4247155086288927
happy mother day image,3.4229061520927746
happy mother day images,3.4229061520927746
happy mothers day images,3.4229061520927746
junko tabei,3.4224792771778803
roberto gomez bolaños,3.419555706154485
roberto gómez bolaños,3.419555706154485
titans vs ravens,3.412814270999373
seahawks vs packers,3.411969621855433
raven vs titans,3.408400928766536
ravens vs titans,3.408400928766536
the seasons winter,3.407037899669881
seasons: winter,3.405815177076944
the seasons: winter,3.405815177076944
winter is the season of,3.405815177076944
winter season,3.405815177076944
winter the seasons,3.405815177076944
score of world series,3.4055449995304485
score world series,3.4055449995304485
world series score,3.4055449995304485
world series scores,3.405227575134518
seasons spring,3.404983265056069
yoshida,3.4048117052373836
yoshida's,3.4048117052373836
in winter season,3.40327385714861
seasons of winter,3.40327385714861
seasons winter,3.40327385714861
super bowl score,3.403266973532376
